num_episodes,R_avg_tot,R_avg_curr
1099,0.0877843052148819,tensor(0.2426)
2196,0.10010826587677002,tensor(0.2882)
