num_episodes,R_avg_tot,R_avg_curr
650,0.0954323634505271,tensor(0.1362)
1317,0.1082683950662612,tensor(0.1557)
1976,0.10733567178249359,tensor(0.1785)
