num_episodes,R_avg_tot,R_avg_curr
727,0.082874909043312,tensor(0.1630)
1435,0.08756232261657715,tensor(0.1821)
