num_episodes,R_avg_tot,R_avg_curr
660,0.0790549889206886,tensor(0.1380)
1329,0.08713244646787643,tensor(0.1569)
