num_episodes,R_avg_tot,R_avg_curr
801,0.0896250233054161,tensor(0.1726)
1612,0.10038813948631287,tensor(0.1974)
