num_episodes,R_avg_tot,R_avg_curr
1108,0.0915481448173523,tensor(0.2482)
2212,0.09970459342002869,tensor(0.2679)
