num_episodes,R_avg_tot,R_avg_curr
881,0.09151441603899,tensor(0.1820)
1737,0.08339674025774002,tensor(0.2146)
