num_episodes,R_avg_tot,R_avg_curr
695,0.0822446271777153,tensor(0.1616)
1389,0.10028952360153198,tensor(0.1692)
