num_episodes,R_avg_tot,R_avg_curr
663,0.0872572362422943,tensor(0.1355)
1330,0.0906171798706054,tensor(0.1561)
2622,0.09589109569787979,tensor(0.1921)
