num_episodes,R_avg_tot,R_avg_curr
823,0.2085142731666565,tensor(0.2319)
1606,0.27061399817466736,tensor(0.3334)
