num_episodes,R_avg_tot,R_avg_curr
849,0.0718195810914039,tensor(0.3106)
1729,0.24415037035942078,tensor(0.4571)
