num_episodes,R_avg_tot,R_avg_curr
830,0.2682611048221588,tensor(0.2386)
7740,0.5115018486976624,tensor(0.7660)
8497,0.5205916166305542,tensor(0.8380)
