num_episodes,R_avg_tot,R_avg_curr
644,0.2063401937484741,tensor(0.2079)
2737,-0.084217868745327,tensor(0.5125)
3575,0.00423135282471776,tensor(0.6373)
