num_episodes,R_avg_tot,R_avg_curr
788,0.2759536802768707,tensor(0.2412)
2316,0.398797869682312,tensor(0.4109)
3056,0.5302667021751404,tensor(0.5132)
