num_episodes,R_avg_tot,R_avg_curr
813,0.2538110911846161,tensor(0.2413)
3094,0.5029333829879761,tensor(0.4884)
3818,0.45170408487319946,tensor(0.5887)
