num_episodes,R_avg_tot,R_avg_curr
940,0.1829322129487991,tensor(0.3263)
1918,0.22977906465530396,tensor(0.4868)
