num_episodes,R_avg_tot,R_avg_curr
807,0.2281015664339065,tensor(0.2313)
1590,0.2932018339633941,tensor(0.3096)
2325,0.322256475687027,tensor(0.4263)
