num_episodes,R_avg_tot,R_avg_curr
765,0.201562762260437,tensor(0.2493)
1543,0.08228836953639984,tensor(0.3512)
