num_episodes,R_avg_tot,R_avg_curr
662,0.1946815252304077,tensor(0.1565)
1351,0.2428015321493148,tensor(0.4976)
2016,0.3188215494155884,tensor(0.4730)
