num_episodes,R_avg_tot,R_avg_curr
1113,0.3387000262737274,tensor(0.3362)
2200,0.38520005345344543,tensor(0.7387)
