num_episodes,R_avg_tot,R_avg_curr
1091,0.2066999971866607,tensor(0.3321)
2175,0.20669999718666077,tensor(0.7296)
