num_episodes,R_avg_tot,R_avg_curr
554,0.1766815483570099,tensor(0.1555)
1092,0.2770615518093109,tensor(0.4342)
1628,0.3513415455818176,tensor(0.3998)
