num_episodes,R_avg_tot,R_avg_curr
661,0.2348215728998184,tensor(0.2020)
1342,0.2836015820503235,tensor(0.5467)
