num_episodes,R_avg_tot,R_avg_curr
708,0.2012215405702591,tensor(0.2044)
2119,0.3142015635967254,tensor(0.5090)
2816,0.3563815951347351,tensor(0.6972)
