num_episodes,R_avg_tot,R_avg_curr
653,0.1898215413093567,tensor(0.6864)
1312,0.2558215856552124,tensor(0.4923)
1956,0.29554158449172974,tensor(0.6703)
