num_episodes,R_avg_tot,R_avg_curr
669,0.1910215318202972,tensor(0.1498)
2043,0.3224215805530548,tensor(0.4468)
2712,0.37852156162261963,tensor(0.6556)
