num_episodes,R_avg_tot,R_avg_curr
1092,0.2366999834775924,tensor(0.3410)
2181,0.27869999408721924,tensor(0.7355)
