num_episodes,R_avg_tot,R_avg_curr
736,0.2967000305652618,tensor(0.2307)
1431,0.3927000164985657,tensor(0.5656)
