num_episodes,R_avg_tot,R_avg_curr
514,0.1700039356946945,tensor(0.1426)
1014,0.268541544675827,tensor(0.4488)
1531,0.31480157375335693,tensor(0.4012)
