num_episodes,R_avg_tot,R_avg_curr
1102,0.1631999760866165,tensor(0.3187)
2202,0.22169996798038483,tensor(0.7354)
