num_episodes,R_avg_tot,R_avg_curr
539,0.1538215428590774,tensor(0.6925)
1592,0.3177415430545807,tensor(0.6005)
2119,0.39214152097702026,tensor(0.5216)
