num_episodes,R_avg_tot,R_avg_curr
1101,0.2486999928951263,tensor(0.3104)
2206,0.3222000300884247,tensor(0.7257)
