num_episodes,R_avg_tot,R_avg_curr
829,0.2231999784708023,tensor(0.2552)
1673,0.38520002365112305,tensor(0.6215)
