num_episodes,R_avg_tot,R_avg_curr
699,0.310200035572052,tensor(0.1814)
2150,0.4541999995708465,tensor(0.4424)
2883,0.670199990272522,tensor(0.6620)
