num_episodes,R_avg_tot,R_avg_curr
813,0.2366999983787536,tensor(0.2420)
1632,0.4587000608444214,tensor(0.6019)
