num_episodes,R_avg_tot,R_avg_curr
766,0.3117000460624695,tensor(0.2217)
1525,0.5321999788284302,tensor(0.5829)
