num_episodes,R_avg_tot,R_avg_curr
752,0.3252000510692596,tensor(0.2164)
1544,0.32670003175735474,tensor(0.5896)
