num_episodes,R_avg_tot,R_avg_curr
553,0.1610215306282043,tensor(0.1689)
9423,0.621581494808197,tensor(0.6900)
9982,0.5837214589118958,tensor(0.7490)
