num_episodes,R_avg_tot,R_avg_curr
1110,0.2501999735832214,tensor(0.3443)
2210,0.3402000367641449,tensor(0.7411)
