num_episodes,R_avg_tot,R_avg_curr
695,0.155021533370018,tensor(0.1788)
1407,0.23908154666423798,tensor(0.5389)
