num_episodes,R_avg_tot,R_avg_curr
522,0.161621555685997,tensor(0.6445)
1048,0.2613415420055389,tensor(0.4523)
1577,0.3116815686225891,tensor(0.6024)
