num_episodes,R_avg_tot,R_avg_curr
1092,0.1466999799013137,tensor(0.3628)
2186,0.13319997489452362,tensor(0.7430)
