num_episodes,R_avg_tot,R_avg_curr
1103,0.2381999790668487,tensor(0.3387)
2209,0.38520005345344543,tensor(0.7365)
