num_episodes,R_avg_tot,R_avg_curr
718,0.2817000448703766,tensor(0.2128)
1408,0.5052000284194946,tensor(0.5527)
