num_episodes,R_avg_tot,R_avg_curr
1091,0.3417000472545624,tensor(0.3321)
2183,0.44220003485679626,tensor(0.7287)
