num_episodes,R_avg_tot,R_avg_curr
1097,0.1316999942064285,tensor(0.3557)
2192,0.10319998860359192,tensor(0.7449)
