num_episodes,R_avg_tot,R_avg_curr
455,0.0772465988993644,tensor(0.1519)
484,0.0765229016542434,tensor(0.1576)
882,0.0745719298720359,tensor(0.1624)
925,0.08214721828699112,tensor(0.1744)
