num_episodes,R_avg_tot,R_avg_curr
486,0.0657970979809761,tensor(0.1877)
544,0.0695776119828224,tensor(0.2187)
1021,0.07356253266334534,tensor(0.2264)
