num_episodes,R_avg_tot,R_avg_curr
39,0.0681788027286529,tensor(0.5313)
524,0.0661811530590057,tensor(0.2223)
575,0.07199864834547043,tensor(0.2391)
