num_episodes,R_avg_tot,R_avg_curr
442,0.0716808140277862,tensor(0.1779)
505,0.07011047005653381,tensor(0.2135)
