num_episodes,R_avg_tot,R_avg_curr
492,0.078495405614376,tensor(0.1959)
533,0.0707671120762825,tensor(0.2167)
990,0.076309710741043,tensor(0.2075)
1486,0.0743981748819351,tensor(0.2334)
1602,0.07237132638692856,tensor(0.2674)
