num_episodes,R_avg_tot,R_avg_curr
462,0.0671048238873481,tensor(0.2169)
836,0.066291444003582,tensor(0.4740)
