num_episodes,R_avg_tot,R_avg_curr
600,0.0722942873835563,tensor(0.2039)
1121,0.06843195855617523,tensor(0.4820)
