num_episodes,R_avg_tot,R_avg_curr
511,0.0707334727048873,tensor(0.3026)
1079,0.07831855863332748,tensor(0.6031)
