num_episodes,R_avg_tot,R_avg_curr
669,0.1638954430818557,tensor(0.1896)
1343,0.2935773134231567,tensor(0.5364)
665,0.1911681592464447,tensor(0.6240)
1323,0.2113824188709259,tensor(0.4813)
2021,0.3452591001987457,tensor(0.6766)
