num_episodes,R_avg_tot,R_avg_curr
211,0.0509082861244678,tensor(0.1379)
381,0.14802134037017822,tensor(0.1774)
