num_episodes,R_avg_tot,R_avg_curr
264,0.0546271912753582,tensor(0.1373)
581,0.053573187440633774,tensor(0.1431)
