num_episodes,R_avg_tot,R_avg_curr
487,0.0867093056440353,tensor(0.1210)
1004,0.10775602608919144,tensor(0.1252)
