num_episodes,R_avg_tot,R_avg_curr
517,0.0875590741634368,tensor(0.1254)
16269,0.2000906616449356,tensor(0.5655)
16778,0.20377695560455322,tensor(0.5753)
