num_episodes,R_avg_tot,R_avg_curr
391,0.0863754078745842,tensor(0.1080)
793,0.0946368649601936,tensor(0.1092)
4937,0.1409214586019516,tensor(0.1693)
5315,0.13276202976703644,tensor(0.1836)
