num_episodes,R_avg_tot,R_avg_curr
477,0.0835402831435203,tensor(0.1197)
962,0.08326347917318344,tensor(0.1240)
