num_episodes,R_avg_tot,R_avg_curr
374,0.1005321070551872,tensor(0.1149)
766,0.0830683410167694,tensor(0.1211)
1168,0.09814373403787613,tensor(0.1183)
