num_episodes,R_avg_tot,R_avg_curr
879,0.0785741135478019,tensor(0.1735)
1756,0.10271161049604416,tensor(0.2027)
