num_episodes,R_avg_tot,R_avg_curr
353,0.0828463062644004,tensor(0.1098)
717,0.09924176335334778,tensor(0.1146)
