num_episodes,R_avg_tot,R_avg_curr
466,0.0832594037055969,tensor(0.1076)
930,0.0871776789426803,tensor(0.1158)
2340,0.1072747185826301,tensor(0.1496)
2808,0.11453915387392044,tensor(0.1555)
