num_episodes,R_avg_tot,R_avg_curr
446,0.0793695896863937,tensor(0.1189)
914,0.1035969480872154,tensor(0.1187)
1384,0.10422257333993912,tensor(0.1193)
