num_episodes,R_avg_tot,R_avg_curr
362,0.0865306556224823,tensor(0.1036)
736,0.09151836484670639,tensor(0.1084)
