num_episodes,R_avg_tot,R_avg_curr
1101,0.0914676561951637,tensor(0.2162)
2204,0.07862032949924469,tensor(0.2619)
