num_episodes,R_avg_tot,R_avg_curr
397,0.1072154119610786,tensor(0.1015)
798,0.1391547471284866,tensor(0.3398)
5021,0.6806365847587585,tensor(0.5302)
12003,0.7441446781158447,tensor(0.5948)
19042,0.7540446519851685,tensor(0.6281)
26022,0.7216546535491943,tensor(0.5998)
33045,0.7680047154426575,tensor(0.6111)
39731,0.758104681968689,tensor(0.6625)
40131,0.8085947036743164,tensor(0.7038)
