num_episodes,R_avg_tot,R_avg_curr
750,0.09132931381464,tensor(0.1453)
1493,0.09139849990606308,tensor(0.1836)
