num_episodes,R_avg_tot,R_avg_curr
1100,0.0908889025449752,tensor(0.2311)
2202,0.09056022018194199,tensor(0.2878)
