num_episodes,R_avg_tot,R_avg_curr
396,0.1226476281881332,tensor(0.6039)
805,0.1328758299350738,tensor(0.4093)
1219,0.07173837721347809,tensor(0.5294)
