num_episodes,R_avg_tot,R_avg_curr
480,0.0787465348839759,tensor(0.1190)
962,0.0951760783791542,tensor(0.1160)
4870,0.1305802017450332,tensor(0.2204)
5356,0.13056117296218872,tensor(0.2318)
