num_episodes,R_avg_tot,R_avg_curr
692,0.0990143939852714,tensor(0.1525)
1389,0.08329740166664124,tensor(0.1666)
