num_episodes,R_avg_tot,R_avg_curr
376,0.1034792885184288,tensor(0.1077)
769,0.0904144495725631,tensor(0.1132)
1164,0.0746593177318573,tensor(0.1184)
