num_episodes,R_avg_tot,R_avg_curr
1101,0.0908973067998886,tensor(0.2254)
2206,0.11598708480596542,tensor(0.2721)
