num_episodes,R_avg_tot,R_avg_curr
524,0.1611681878566742,tensor(0.6721)
1030,0.2811682224273681,tensor(0.4568)
1523,0.3046227693557739,tensor(0.5938)
