num_episodes,R_avg_tot,R_avg_curr
668,0.0871457383036613,tensor(0.1308)
1325,0.10267689824104309,tensor(0.1488)
