num_episodes,R_avg_tot,R_avg_curr
393,0.0829805582761764,tensor(0.1104)
792,0.0948980748653411,tensor(0.1147)
4784,0.1098877340555191,tensor(0.1845)
5186,0.1433379054069519,tensor(0.1953)
