num_episodes,R_avg_tot,R_avg_curr
541,0.0949552059173584,tensor(0.1381)
1094,0.0991859287023544,tensor(0.1394)
1625,0.08755197376012802,tensor(0.1428)
