num_episodes,R_avg_tot,R_avg_curr
540,0.0946624726057052,tensor(0.1246)
1612,0.0953683406114578,tensor(0.1428)
2139,0.11863454431295395,tensor(0.1576)
