num_episodes,R_avg_tot,R_avg_curr
554,0.103582963347435,tensor(0.1250)
1133,0.08700721710920334,tensor(0.1370)
