num_episodes,R_avg_tot,R_avg_curr
789,0.0918316766619682,tensor(0.1514)
1585,0.08762016147375107,tensor(0.1903)
