num_episodes,R_avg_tot,R_avg_curr
672,0.0957183688879013,tensor(0.1466)
1359,0.08718883246183395,tensor(0.1655)
