num_episodes,R_avg_tot,R_avg_curr
326,0.095350757241249,tensor(0.0943)
648,0.08333321660757065,tensor(0.0945)
