num_episodes,R_avg_tot,R_avg_curr
451,0.0826098397374153,tensor(0.1066)
925,0.09627535939216614,tensor(0.1159)
