num_episodes,R_avg_tot,R_avg_curr
646,0.095721960067749,tensor(0.1449)
1293,0.10204070061445236,tensor(0.1570)
