num_episodes,R_avg_tot,R_avg_curr
514,0.1199954152107238,tensor(0.2193)
1069,0.19516082108020782,tensor(0.2426)
