num_episodes,R_avg_tot,R_avg_curr
1105,0.1244318559765815,tensor(0.4332)
2200,0.1470161974430084,tensor(0.6738)
1111,-4.992760181427002,tensor(0.4306)
2207,-17.13309097290039,tensor(0.6699)
