num_episodes,R_avg_tot,R_avg_curr
522,-0.7720986604690552,tensor(0.1697)
1032,-0.8851715922355652,tensor(0.2582)
11031,-10.934643745422363,tensor(0.6335)
