num_episodes,R_avg_tot,R_avg_curr
702,0.2074020802974701,tensor(0.1820)
1959,0.3284996151924133,tensor(0.2757)
2545,0.35412800312042236,tensor(0.3552)
