num_episodes,R_avg_tot
357,0.1143823340535163
648,0.109189286828041
937,0.1862998306751251
24446,0.21550825238227844
