num_episodes,R_avg_tot,R_avg_curr
242,0.1299258470535278,tensor(0.1395)
449,0.1775142550468444,tensor(0.1447)
645,0.21278776228427887,tensor(0.1667)
