num_episodes,R_avg_tot
223,0.0970104560256004
440,0.11360718309879303
