num_episodes,R_avg_tot
323,0.1216473653912544
594,0.1794597655534744
849,0.1923395842313766
11003,0.2262584716081619
22593,0.24067121744155884
