num_episodes,R_avg_tot,R_avg_curr
218,0.1248516961932182,tensor(0.1521)
432,0.1429970562458038,tensor(0.1540)
614,0.1833169311285019,tensor(0.1788)
