num_episodes,R_avg_tot
302,0.1271046698093414
576,0.1500024646520614
817,0.2089552134275436
5396,0.33474600315093994
