num_episodes,R_avg_tot
291,0.1357820779085159
527,0.1888243108987808
756,0.1638739705085754
960,0.2313940078020095
2345,0.3258305788040161
