num_episodes,R_avg_tot
297,0.1493733376264572
582,0.15263831615447998
