num_episodes,R_avg_tot
420,0.0988441780209541
757,0.1224906370043754
2739,0.20117446780204773
