num_episodes,R_avg_tot
345,0.1279575228691101
610,0.1563340872526168
867,0.1765694916248321
10579,0.28811243176460266
