num_episodes,R_avg_tot,R_avg_curr
277,0.0773774981498718,tensor(0.2712)
555,0.016677001491189,tensor(0.1823)
827,0.07737749814987183,tensor(0.2067)
