num_episodes,R_avg_tot,R_avg_curr
267,0.0773774981498718,tensor(0.0729)
484,0.0773774981498718,tensor(-0.3342)
756,-0.1047110185027122,tensor(-0.2007)
821,-0.0440234914422035,tensor(-1.1310)
1917,-0.0042553907260298,tensor(-0.3320)
2190,-0.19574983417987823,tensor(-0.2091)
