num_episodes,R_avg_tot,R_avg_curr
277,0.0470247641205787,tensor(0.0735)
522,0.0773774981498718,tensor(-0.1953)
784,0.0972593203186988,tensor(-0.1154)
1606,0.0972593203186988,tensor(0.0904)
1872,0.08678839355707169,tensor(0.1040)
