num_episodes,R_avg_tot,R_avg_curr
533,0.2364813983440399,tensor(0.1368)
928,0.12398975342512131,tensor(0.1492)
