num_episodes,R_avg_tot,R_avg_curr
232,0.1256207078695297,tensor(0.1141)
485,0.2478480339050293,tensor(0.1204)
