num_episodes,R_avg_tot,R_avg_curr
453,0.2375929951667785,tensor(0.2557)
897,0.288642019033432,tensor(0.2455)
