num_episodes,R_avg_tot,R_avg_curr
411,0.247369647026062,tensor(0.1829)
871,0.28934934735298157,tensor(0.1960)
