num_episodes,R_avg_tot,R_avg_curr
703,0.0636059418320655,tensor(0.2075)
866,0.0717209205031395,tensor(0.2627)
