num_episodes,R_avg_tot,R_avg_curr
773,0.0771970450878143,tensor(0.1699)
1554,0.08493398129940033,tensor(0.1859)
