num_episodes,R_avg_tot,R_avg_curr
1110,0.0910526290535926,tensor(0.2196)
2214,0.08322414755821228,tensor(0.2703)
