num_episodes,R_avg_tot,R_avg_curr
1091,0.0871605947613716,tensor(0.2043)
2182,0.09083635360002518,tensor(0.2580)
