num_episodes,R_avg_tot,R_avg_curr
742,0.0771873816847801,tensor(0.1537)
1469,0.10753823816776276,tensor(0.1664)
