num_episodes,R_avg_tot,R_avg_curr
1087,0.1000358909368515,tensor(0.2146)
2165,0.09384463727474213,tensor(0.2646)
