num_episodes,R_avg_tot,R_avg_curr
804,0.1146250069141388,tensor(0.1208)
793,0.0903749912977218,tensor(0.1126)
824,0.14225000143051147,tensor(0.1032)
