num_episodes,R_avg_tot,R_avg_curr
1092,0.0992498397827148,tensor(0.2253)
2203,0.09591376036405563,tensor(0.2813)
