num_episodes,R_avg_tot,R_avg_curr
869,0.0828203111886978,tensor(0.1757)
1760,0.09467741847038269,tensor(0.2122)
