num_episodes,R_avg_tot,R_avg_curr
1103,-1.9733657836914065,tensor(0.3737)
2198,-2.6568968296051025,tensor(0.5289)
