num_episodes,R_avg_tot,R_avg_curr
945,0.014913884922862,tensor(0.3389)
1941,-0.2010667622089386,tensor(0.5015)
