num_episodes,R_avg_tot,R_avg_curr
908,0.1354997158050537,tensor(0.3461)
1863,0.16524767875671387,tensor(0.4717)
