num_episodes,R_avg_tot,R_avg_curr
760,0.1849516779184341,tensor(0.2624)
1552,0.13183853030204773,tensor(0.3651)
