num_episodes,R_avg_tot,R_avg_curr
903,0.0743880122900009,tensor(0.2849)
1837,-0.0425712019205093,tensor(0.4340)
2873,-0.0351775698363781,tensor(0.6180)
