num_episodes,R_avg_tot,R_avg_curr
909,0.1588132977485656,tensor(0.3344)
1884,0.023232195526361465,tensor(0.4850)
