num_episodes,R_avg_tot,R_avg_curr
696,0.1435756683349609,tensor(0.2457)
1459,-0.05644093453884125,tensor(0.3774)
