num_episodes,R_avg_tot,R_avg_curr
535,0.2396325320005417,tensor(0.8173)
1249,0.18735916912555695,tensor(0.5306)
