num_episodes,R_avg_tot,R_avg_curr
451,0.2401139885187149,tensor(0.6207)
1154,0.12253730744123459,tensor(0.4246)
