num_episodes,R_avg_tot,R_avg_curr
81,0.170212909579277,tensor(0.5432)
562,0.2113749384880066,tensor(0.2525)
