num_episodes,R_avg_tot,R_avg_curr
797,0.0876650959253311,tensor(0.2053)
1608,0.07842109352350235,tensor(0.2157)
