num_episodes,R_avg_tot,R_avg_curr
534,0.0824813321232795,tensor(0.1300)
1088,0.099979929625988,tensor(0.1354)
1634,0.09949742257595062,tensor(0.1539)
