num_episodes,R_avg_tot,R_avg_curr
688,0.0748216733336448,tensor(0.1582)
1378,0.08704420179128647,tensor(0.1659)
