num_episodes,R_avg_tot,R_avg_curr
669,0.0908847227692604,tensor(0.1275)
1309,0.07457800954580307,tensor(0.1429)
