num_episodes,R_avg_tot,R_avg_curr
1096,0.0788362026214599,tensor(0.2235)
1109,0.1033926457166671,tensor(0.2101)
2216,0.1025269925594329,tensor(0.2712)
1110,-1.909546971321106,tensor(-0.3353)
2198,-5.168532371520996,tensor(0.0197)
1106,-5.064361095428467,tensor(-0.3821)
2220,-7.683814525604248,tensor(-0.0147)
779,-0.7423060536384583,tensor(0.2082)
1580,-1.7528448104858398,tensor(0.3180)
1104,0.0784304589033126,tensor(0.3416)
2189,-0.22324655950069427,tensor(0.4969)
