num_episodes,R_avg_tot,R_avg_curr
675,0.087504856288433,tensor(0.1429)
1351,0.10405635088682175,tensor(0.1609)
