num_episodes,R_avg_tot,R_avg_curr
510,0.0786900445818901,tensor(0.1169)
1017,0.09076718240976334,tensor(0.1273)
