num_episodes,R_avg_tot,R_avg_curr
871,0.0950452014803886,tensor(0.1944)
1738,0.10291595757007599,tensor(0.2240)
