num_episodes,R_avg_tot,R_avg_curr
867,-1.045335292816162,tensor(0.2982)
1546,-1.7680060863494873,tensor(0.3106)
1105,0.0929547548294067,tensor(0.3462)
2216,0.1029547452926635,tensor(0.5107)
1105,0.106439970433712,tensor(0.3506)
