num_episodes,R_avg_tot,R_avg_curr
1096,0.0788362026214599,tensor(0.2235)
1109,0.1033926457166671,tensor(0.2101)
2216,0.10252699255943298,tensor(0.2712)
