num_episodes,R_avg_tot,R_avg_curr
1102,0.0786720812320709,tensor(0.2054)
2209,0.0916551128029823,tensor(0.2583)
1106,0.0955817252397537,tensor(0.2255)
1110,0.0917743295431137,tensor(0.2274)
1090,0.0833280086517334,tensor(0.2198)
2195,0.1041523814201355,tensor(0.2684)
