num_episodes,R_avg_tot,R_avg_curr
677,0.0789450332522392,tensor(0.1418)
1358,0.09050162136554718,tensor(0.1614)
