num_episodes,R_avg_tot,R_avg_curr
490,0.0876898095011711,tensor(0.1063)
997,0.0991683229804039,tensor(0.1216)
