num_episodes,R_avg_tot,R_avg_curr
743,-0.5875140428543091,tensor(0.1500)
1453,-1.7015022039413452,tensor(0.2147)
1094,0.1118051633238792,tensor(0.3602)
2196,0.13095474243164062,tensor(0.5091)
