num_episodes,R_avg_tot,R_avg_curr
463,0.1208451986312866,tensor(0.1021)
929,0.13093653321266174,tensor(0.1121)
