num_episodes,R_avg_tot,R_avg_curr
1101,0.0834054127335548,tensor(0.2369)
2208,0.09955255687236786,tensor(0.2921)
