num_episodes,R_avg_tot,R_avg_curr
558,0.0876430347561836,tensor(0.1327)
1131,0.08293115347623825,tensor(0.1482)
