num_episodes,R_avg_tot,R_avg_curr
708,0.1030871793627739,tensor(0.1679)
1450,0.07849208265542984,tensor(0.1803)
