num_episodes,R_avg_tot,R_avg_curr
513,0.0873291864991188,tensor(0.1305)
1039,0.0872164443135261,tensor(0.1361)
1565,0.10410652309656143,tensor(0.1358)
