num_episodes,R_avg_tot,R_avg_curr
745,0.0956951156258583,tensor(0.1743)
1504,0.10345675051212311,tensor(0.1904)
