num_episodes,R_avg_tot,R_avg_curr
662,0.1658815443515777,tensor(0.1827)
1316,0.24928157031536102,tensor(0.5286)
