num_episodes,R_avg_tot,R_avg_curr
716,0.3507000207901001,tensor(0.2014)
1426,0.4062000215053558,tensor(0.5255)
2149,0.6401998996734619,tensor(0.5181)
