num_episodes,R_avg_tot,R_avg_curr
743,0.2666999697685241,tensor(0.6766)
1480,0.3987000584602356,tensor(0.5240)
2197,0.6401999592781067,tensor(0.7041)
