num_episodes,R_avg_tot,R_avg_curr
1100,0.1481999903917312,tensor(0.3195)
2200,0.16319997608661652,tensor(0.7259)
