num_episodes,R_avg_tot,R_avg_curr
694,0.3252000510692596,tensor(0.8939)
1391,0.5531999468803406,tensor(0.6138)
