num_episodes,R_avg_tot,R_avg_curr
1099,0.3732000291347503,tensor(0.3481)
2193,0.49170005321502686,tensor(0.7385)
