num_episodes,R_avg_tot,R_avg_curr
1088,0.2651999890804291,tensor(0.3341)
2199,0.37320002913475037,tensor(0.7341)
