num_episodes,R_avg_tot,R_avg_curr
1099,0.1616999953985214,tensor(0.3239)
2189,0.14819999039173126,tensor(0.7280)
