num_episodes,R_avg_tot,R_avg_curr
1117,0.2366999834775924,tensor(0.3271)
2204,0.16319997608661652,tensor(0.7343)
