num_episodes,R_avg_tot,R_avg_curr
783,0.2366999834775924,tensor(0.2336)
1585,0.5621998906135559,tensor(0.5992)
