num_episodes,R_avg_tot,R_avg_curr
649,0.1898815482854843,tensor(0.1553)
1277,0.24928157031536102,tensor(0.5053)
