num_episodes,R_avg_tot,R_avg_curr
1111,0.2802000343799591,tensor(0.3358)
2223,0.3987000286579132,tensor(0.7349)
