num_episodes,R_avg_tot,R_avg_curr
654,0.1868215501308441,tensor(0.1838)
2625,0.4198015630245209,tensor(0.6636)
3939,0.46774154901504517,tensor(0.7653)
