num_episodes,R_avg_tot,R_avg_curr
532,0.1898215413093567,tensor(0.1713)
11023,0.5713614821434021,tensor(0.6252)
16011,0.6053814888000488,tensor(0.6731)
