num_episodes,R_avg_tot,R_avg_curr
1092,0.0881999805569648,tensor(0.3431)
2199,0.14819997549057007,tensor(0.7369)
