num_episodes,R_avg_tot,R_avg_curr
1097,0.2066999822854995,tensor(0.3168)
2211,0.281700074672699,tensor(0.7229)
