num_episodes,R_avg_tot,R_avg_curr
645,0.192341536283493,tensor(0.1433)
1962,0.361061543226242,tensor(0.4472)
2610,0.455921471118927,tensor(0.6402)
