num_episodes,R_avg_tot,R_avg_curr
698,0.1790215373039245,tensor(0.6921)
1379,0.2852215468883514,tensor(0.5261)
2073,0.36568155884742737,tensor(0.6986)
