num_episodes,R_avg_tot,R_avg_curr
680,0.1610215306282043,tensor(0.1777)
1370,0.2126215398311615,tensor(0.4253)
2061,0.3368215560913086,tensor(0.4319)
