num_episodes,R_avg_tot,R_avg_curr
756,0.2802000343799591,tensor(0.2244)
1496,0.3972000181674957,tensor(0.5729)
