num_episodes,R_avg_tot,R_avg_curr
1085,0.2531999945640564,tensor(0.3346)
2180,0.37320002913475037,tensor(0.7326)
