num_episodes,R_avg_tot,R_avg_curr
766,0.2952000200748443,tensor(0.1945)
3002,0.5966998934745789,tensor(0.6278)
3734,0.7692000269889832,tensor(0.6767)
